{"cameraMode":{"drawMode":0,"name":"Shaded","section":"Shading Mode"},"sceneLighting":true,"audioPlay":false,"sceneViewState":{"m_AlwaysRefresh":false,"showFog":true,"showSkybox":true,"showFlares":true,"showImageEffects":true,"showParticleSystems":true,"showVisualEffectGraphs":true,"m_FxEnabled":true},"in2DMode":false,"pivot":{"x":31.431371688842775,"y":0.6186709403991699,"z":59.752525329589847},"rotation":{"x":0.6667940020561218,"y":0.0022358449641615154,"z":-0.002000261563807726,"w":0.7452419400215149},"size":25.715694427490236,"orthographic":true}