{"cameraMode":{"drawMode":0,"name":"Shaded","section":"Shading Mode"},"sceneLighting":true,"audioPlay":false,"sceneViewState":{"m_AlwaysRefresh":false,"showFog":true,"showSkybox":true,"showFlares":true,"showImageEffects":true,"showParticleSystems":true,"showVisualEffectGraphs":true,"m_FxEnabled":true},"in2DMode":false,"pivot":{"x":19.637428283691408,"y":1.3526028394699097,"z":41.88859558105469},"rotation":{"x":0.11011934280395508,"y":-0.031303081661462787,"z":0.0034699442330747844,"w":0.9934197664260864},"size":7.963326454162598,"orthographic":true}