{"cameraMode":{"drawMode":0,"name":"Shaded","section":"Shading Mode"},"sceneLighting":true,"audioPlay":false,"sceneViewState":{"m_AlwaysRefresh":false,"showFog":true,"showSkybox":true,"showFlares":true,"showImageEffects":true,"showParticleSystems":true,"showVisualEffectGraphs":true,"m_FxEnabled":true},"in2DMode":false,"pivot":{"x":170.20620727539063,"y":16.749643325805665,"z":-19.317201614379884},"rotation":{"x":0.4741433560848236,"y":0.03432153910398483,"z":-0.01850113831460476,"w":0.8795872926712036},"size":167.1927032470703,"orthographic":false}